"pais_codigo","pais_nome","evento_data","Ouro","Prata","Bronze","rank"
"CHN","China","2024-08-10",39,27,24,1
"USA","EUA","2024-08-10",38,42,42,2
"AUS","Austrália","2024-08-10",18,18,14,3
"JPN","Japão","2024-08-10",18,12,13,4
"FRA","França","2024-08-10",15,24,22,5
"GBR","Grã-Bretanha","2024-08-10",14,22,27,6
"KOR","República da Coréia","2024-08-10",13,8,9,7
"NED","Países Baixos","2024-08-10",13,7,12,8
"GER","Alemanha","2024-08-10",12,11,8,9
"ITA","Itália","2024-08-10",11,13,15,10
"CAN","Canadá","2024-08-10",9,7,11,11
"NZL","Nova Zelândia","2024-08-10",9,7,2,12
"UZB","Uzbequistão","2024-08-10",8,2,3,13
"HUN","Hungria","2024-08-10",5,7,6,14
"ESP","Espanha","2024-08-10",5,4,8,15
"SWE","Suécia","2024-08-10",4,4,3,16
"KEN","Quênia","2024-08-10",4,2,4,17
"NOR","Noruega","2024-08-10",4,1,3,18
"IRL","Irlanda","2024-08-10",4,0,3,19
"BRA","Brasil","2024-08-10",3,7,10,20
"UKR","Ucrânia","2024-08-10",3,5,4,21
"IRI","Repúb. Islâmica Irã","2024-08-10",3,5,2,22
"ROU","Romênia","2024-08-10",3,4,1,23
"GEO","Geórgia","2024-08-10",3,2,1,24
"BEL","Bélgica","2024-08-10",3,1,6,25
"BUL","Bulgária","2024-08-10",3,1,3,26
"CZE","Tchéquia","2024-08-10",3,0,2,27
"AZE","Azerbaijão","2024-08-10",2,2,2,28
"CUB","Cuba","2024-08-10",2,1,5,29
"CRO","Croácia","2024-08-10",2,1,3,30
"SRB","Sérvia","2024-08-10",2,1,1,31
"SLO","Eslovênia","2024-08-10",2,1,0,32
"TPE","Chinese Taipei","2024-08-10",2,0,5,33
"AUT","Áustria","2024-08-10",2,0,3,34
"HKG","Hong Kong, China","2024-08-10",2,0,2,35
"PHI","Filipinas","2024-08-10",2,0,2,35
"ALG","Argélia","2024-08-10",2,0,1,36
"INA","Indonésia","2024-08-10",2,0,1,36
"ISR","Israel","2024-08-10",1,5,1,37
"POL","Polônia","2024-08-10",1,3,5,38
"KAZ","Cazaquistão","2024-08-10",1,3,3,39
"JAM","Jamaica","2024-08-10",1,3,2,40
"RSA","África do Sul","2024-08-10",1,3,2,40
"THA","Tailândia","2024-08-10",1,3,2,40
"DEN","Dinamarca","2024-08-10",1,2,5,41
"SUI","Suíça","2024-08-10",1,2,5,41
"ECU","Equador","2024-08-10",1,2,2,42
"POR","Portugal","2024-08-10",1,2,1,43
"ETH","Etiópia","2024-08-10",1,2,0,44
"GRE","Grécia","2024-08-10",1,1,6,45
"ARG","Argentina","2024-08-10",1,1,1,46
"BRN","Bahrein","2024-08-10",1,1,1,46
"EGY","Egito","2024-08-10",1,1,1,46
"TUN","Tunísia","2024-08-10",1,1,1,46
"BOT","Botswana","2024-08-10",1,1,0,47
"CHI","Chile","2024-08-10",1,1,0,47
"LCA","Santa Lúcia","2024-08-10",1,1,0,47
"UGA","Uganda","2024-08-10",1,1,0,47
"DOM","República Dominicana","2024-08-10",1,0,2,48
"GUA","Guatemala","2024-08-10",1,0,1,49
"MAR","Marrocos","2024-08-10",1,0,1,49
"DMA","Dominica","2024-08-10",1,0,0,50
"PAK","Paquistão","2024-08-10",1,0,0,50
"TUR","Türkiye","2024-08-10",0,3,5,51
"MEX","México","2024-08-10",0,3,2,52
"ARM","Armênia","2024-08-10",0,3,1,53
"COL","Colômbia","2024-08-10",0,3,0,54
"KGZ","Quirguistão","2024-08-10",0,2,4,55
"PRK","RPD da Coréia","2024-08-10",0,2,4,55
"LTU","Lituânia","2024-08-10",0,2,2,56
"IND","Índia","2024-08-10",0,1,5,57
"MDA","Moldova","2024-08-10",0,1,3,58
"KOS","Kosovo","2024-08-10",0,1,1,59
"CYP","Chipre","2024-08-10",0,1,0,60
"FIJ","Fiji","2024-08-10",0,1,0,60
"JOR","Jordânia","2024-08-10",0,1,0,60
"MGL","Mongólia","2024-08-10",0,1,0,60
"PAN","Panamá","2024-08-10",0,1,0,60
"TJK","Tajiquistão","2024-08-10",0,0,3,61
"GRN","Granada","2024-08-10",0,0,2,62
"MAS","Malásia","2024-08-10",0,0,2,62
"ALB","Albânia","2024-08-10",0,0,1,63
"CIV","Côte d'Ivoire","2024-08-10",0,0,1,63
"CPV","Cabo Verde","2024-08-10",0,0,1,63
"EOR","EOR","2024-08-10",0,0,1,63
"PER","Peru","2024-08-10",0,0,1,63
"PUR","Porto Rico","2024-08-10",0,0,1,63
"QAT","Catar","2024-08-10",0,0,1,63
"SGP","Singapura","2024-08-10",0,0,1,63
"SVK","Eslováquia","2024-08-10",0,0,1,63
"ZAM","Zâmbia","2024-08-10",0,0,1,63
"USA","EUA","2024-08-09",33,39,38,1
"CHN","China","2024-08-09",33,27,23,2
"AUS","Austrália","2024-08-09",18,16,14,3
"JPN","Japão","2024-08-09",16,8,13,4
"GBR","Grã-Bretanha","2024-08-09",14,20,23,5
"FRA","França","2024-08-09",13,20,22,6
"KOR","República da Coréia","2024-08-09",13,8,7,7
"NED","Países Baixos","2024-08-09",13,6,10,8
"GER","Alemanha","2024-08-09",12,9,7,9
"ITA","Itália","2024-08-09",11,12,13,10
"CAN","Canadá","2024-08-09",7,6,11,11
"NZL","Nova Zelândia","2024-08-09",6,7,2,12
"HUN","Hungria","2024-08-09",5,5,5,13
"UZB","Uzbequistão","2024-08-09",5,0,3,14
"ESP","Espanha","2024-08-09",4,3,8,15
"IRL","Irlanda","2024-08-09",4,0,3,16
"BRA","Brasil","2024-08-09",3,6,9,17
"UKR","Ucrânia","2024-08-09",3,4,4,18
"SWE","Suécia","2024-08-09",3,4,3,19
"ROU","Romênia","2024-08-09",3,4,1,20
"BUL","Bulgária","2024-08-09",3,1,3,21
"BEL","Bélgica","2024-08-09",3,0,6,22
"IRI","Repúb. Islâmica Irã","2024-08-09",2,4,2,23
"AZE","Azerbaijão","2024-08-09",2,2,1,24
"CRO","Croácia","2024-08-09",2,1,3,25
"CUB","Cuba","2024-08-09",2,1,3,25
"KEN","Quênia","2024-08-09",2,1,3,25
"SRB","Sérvia","2024-08-09",2,1,0,26
"AUT","Áustria","2024-08-09",2,0,2,27
"HKG","Hong Kong, China","2024-08-09",2,0,2,27
"PHI","Filipinas","2024-08-09",2,0,2,27
"CZE","Tchéquia","2024-08-09",2,0,1,28
"INA","Indonésia","2024-08-09",2,0,1,28
"ALG","Argélia","2024-08-09",2,0,0,29
"ISR","Israel","2024-08-09",1,4,1,30
"KAZ","Cazaquistão","2024-08-09",1,3,3,31
"JAM","Jamaica","2024-08-09",1,3,2,32
"THA","Tailândia","2024-08-09",1,3,2,32
"SUI","Suíça","2024-08-09",1,2,5,33
"DEN","Dinamarca","2024-08-09",1,2,2,34
"RSA","África do Sul","2024-08-09",1,2,2,34
"ECU","Equador","2024-08-09",1,2,1,35
"GEO","Geórgia","2024-08-09",1,2,1,35
"GRE","Grécia","2024-08-09",1,1,6,36
"POL","Polônia","2024-08-09",1,1,5,37
"ARG","Argentina","2024-08-09",1,1,1,38
"NOR","Noruega","2024-08-09",1,1,1,38
"TUN","Tunísia","2024-08-09",1,1,1,38
"BRN","Bahrein","2024-08-09",1,1,0,39
"CHI","Chile","2024-08-09",1,1,0,39
"LCA","Santa Lúcia","2024-08-09",1,1,0,39
"SLO","Eslovênia","2024-08-09",1,1,0,39
"UGA","Uganda","2024-08-09",1,1,0,39
"TPE","Chinese Taipei","2024-08-09",1,0,5,40
"DOM","República Dominicana","2024-08-09",1,0,2,41
"GUA","Guatemala","2024-08-09",1,0,1,42
"MAR","Marrocos","2024-08-09",1,0,1,42
"BOT","Botswana","2024-08-09",1,0,0,43
"DMA","Dominica","2024-08-09",1,0,0,43
"PAK","Paquistão","2024-08-09",1,0,0,43
"TUR","Türkiye","2024-08-09",0,3,3,44
"MEX","México","2024-08-09",0,3,2,45
"COL","Colômbia","2024-08-09",0,3,0,46
"PRK","RPD da Coréia","2024-08-09",0,2,4,47
"LTU","Lituânia","2024-08-09",0,2,2,48
"ARM","Armênia","2024-08-09",0,2,1,49
"POR","Portugal","2024-08-09",0,2,1,49
"ETH","Etiópia","2024-08-09",0,2,0,50
"IND","Índia","2024-08-09",0,1,5,51
"KGZ","Quirguistão","2024-08-09",0,1,3,52
"MDA","Moldova","2024-08-09",0,1,3,52
"KOS","Kosovo","2024-08-09",0,1,1,53
"CYP","Chipre","2024-08-09",0,1,0,54
"FIJ","Fiji","2024-08-09",0,1,0,54
"JOR","Jordânia","2024-08-09",0,1,0,54
"MGL","Mongólia","2024-08-09",0,1,0,54
"TJK","Tajiquistão","2024-08-09",0,0,3,55
"GRN","Granada","2024-08-09",0,0,2,56
"MAS","Malásia","2024-08-09",0,0,2,56
"CPV","Cabo Verde","2024-08-09",0,0,1,57
"EGY","Egito","2024-08-09",0,0,1,57
"EOR","EOR","2024-08-09",0,0,1,57
"PER","Peru","2024-08-09",0,0,1,57
"SGP","Singapura","2024-08-09",0,0,1,57
"SVK","Eslováquia","2024-08-09",0,0,1,57
"ZAM","Zâmbia","2024-08-09",0,0,1,57
"USA","EUA","2024-08-08",30,38,35,1
"CHN","China","2024-08-08",29,25,19,2
"AUS","Austrália","2024-08-08",18,14,13,3
"FRA","França","2024-08-08",13,19,21,4
"GBR","Grã-Bretanha","2024-08-08",13,18,21,5
"KOR","República da Coréia","2024-08-08",13,8,7,6
"JPN","Japão","2024-08-08",13,7,13,7
"NED","Países Baixos","2024-08-08",11,6,8,8
"ITA","Itália","2024-08-08",10,11,9,9
"GER","Alemanha","2024-08-08",9,8,5,10
"CAN","Canadá","2024-08-08",6,5,10,11
"NZL","Nova Zelândia","2024-08-08",5,6,2,12
"IRL","Irlanda","2024-08-08",4,0,3,13
"ROU","Romênia","2024-08-08",3,4,1,14
"UKR","Ucrânia","2024-08-08",3,3,4,15
"HUN","Hungria","2024-08-08",3,3,3,16
"SWE","Suécia","2024-08-08",3,3,3,16
"BEL","Bélgica","2024-08-08",3,0,5,17
"UZB","Uzbequistão","2024-08-08",3,0,2,18
"BRA","Brasil","2024-08-08",2,5,8,19
"ESP","Espanha","2024-08-08",2,3,8,20
"IRI","Repúb. Islâmica Irã","2024-08-08",2,2,2,21
"CRO","Croácia","2024-08-08",2,1,3,22
"CUB","Cuba","2024-08-08",2,1,3,22
"AZE","Azerbaijão","2024-08-08",2,1,1,23
"HKG","Hong Kong, China","2024-08-08",2,0,2,24
"PHI","Filipinas","2024-08-08",2,0,2,24
"INA","Indonésia","2024-08-08",2,0,1,25
"SRB","Sérvia","2024-08-08",2,0,0,26
"ISR","Israel","2024-08-08",1,4,1,27
"KAZ","Cazaquistão","2024-08-08",1,3,3,28
"JAM","Jamaica","2024-08-08",1,3,2,29
"THA","Tailândia","2024-08-08",1,3,2,29
"SUI","Suíça","2024-08-08",1,2,4,30
"DEN","Dinamarca","2024-08-08",1,2,1,31
"GEO","Geórgia","2024-08-08",1,2,1,31
"ECU","Equador","2024-08-08",1,2,0,32
"GRE","Grécia","2024-08-08",1,1,5,33
"POL","Polônia","2024-08-08",1,1,4,34
"KEN","Quênia","2024-08-08",1,1,3,35
"RSA","África do Sul","2024-08-08",1,1,2,36
"ARG","Argentina","2024-08-08",1,1,0,37
"CHI","Chile","2024-08-08",1,1,0,37
"LCA","Santa Lúcia","2024-08-08",1,1,0,37
"UGA","Uganda","2024-08-08",1,1,0,37
"TPE","Chinese Taipei","2024-08-08",1,0,5,38
"BUL","Bulgária","2024-08-08",1,0,3,39
"AUT","Áustria","2024-08-08",1,0,1,40
"CZE","Tchéquia","2024-08-08",1,0,1,40
"GUA","Guatemala","2024-08-08",1,0,1,40
"NOR","Noruega","2024-08-08",1,0,1,40
"ALG","Argélia","2024-08-08",1,0,0,41
"BOT","Botswana","2024-08-08",1,0,0,41
"BRN","Bahrein","2024-08-08",1,0,0,41
"DMA","Dominica","2024-08-08",1,0,0,41
"MAR","Marrocos","2024-08-08",1,0,0,41
"PAK","Paquistão","2024-08-08",1,0,0,41
"SLO","Eslovênia","2024-08-08",1,0,0,41
"PRK","RPD da Coréia","2024-08-08",0,2,4,42
"TUR","Türkiye","2024-08-08",0,2,3,43
"MEX","México","2024-08-08",0,2,2,44
"ARM","Armênia","2024-08-08",0,2,1,45
"ETH","Etiópia","2024-08-08",0,2,0,46
"IND","Índia","2024-08-08",0,1,4,47
"KGZ","Quirguistão","2024-08-08",0,1,3,48
"LTU","Lituânia","2024-08-08",0,1,2,49
"KOS","Kosovo","2024-08-08",0,1,1,50
"POR","Portugal","2024-08-08",0,1,1,50
"TUN","Tunísia","2024-08-08",0,1,1,50
"COL","Colômbia","2024-08-08",0,1,0,51
"CYP","Chipre","2024-08-08",0,1,0,51
"FIJ","Fiji","2024-08-08",0,1,0,51
"JOR","Jordânia","2024-08-08",0,1,0,51
"MGL","Mongólia","2024-08-08",0,1,0,51
"TJK","Tajiquistão","2024-08-08",0,0,3,52
"DOM","República Dominicana","2024-08-08",0,0,2,53
"GRN","Granada","2024-08-08",0,0,2,53
"MAS","Malásia","2024-08-08",0,0,2,53
"MDA","Moldova","2024-08-08",0,0,2,53
"CPV","Cabo Verde","2024-08-08",0,0,1,54
"EGY","Egito","2024-08-08",0,0,1,54
"EOR","EOR","2024-08-08",0,0,1,54
"PER","Peru","2024-08-08",0,0,1,54
"SVK","Eslováquia","2024-08-08",0,0,1,54
"ZAM","Zâmbia","2024-08-08",0,0,1,54
"USA","EUA","2024-08-07",27,35,32,1
"CHN","China","2024-08-07",25,23,17,2
"AUS","Austrália","2024-08-07",18,12,11,3
"FRA","França","2024-08-07",12,17,21,4
"GBR","Grã-Bretanha","2024-08-07",12,17,20,5
"KOR","República da Coréia","2024-08-07",12,8,7,6
"JPN","Japão","2024-08-07",12,6,13,7
"ITA","Itália","2024-08-07",9,10,8,8
"NED","Países Baixos","2024-08-07",9,5,6,9
"GER","Alemanha","2024-08-07",8,5,5,10
"CAN","Canadá","2024-08-07",6,4,9,11
"IRL","Irlanda","2024-08-07",4,0,3,12
"NZL","Nova Zelândia","2024-08-07",3,6,1,13
"ROU","Romênia","2024-08-07",3,4,1,14
"HUN","Hungria","2024-08-07",3,3,2,15
"SWE","Suécia","2024-08-07",3,3,2,15
"UKR","Ucrânia","2024-08-07",3,2,3,16
"BRA","Brasil","2024-08-07",2,5,7,17
"ESP","Espanha","2024-08-07",2,3,6,18
"CRO","Croácia","2024-08-07",2,1,3,19
"CUB","Cuba","2024-08-07",2,1,2,20
"AZE","Azerbaijão","2024-08-07",2,1,0,21
"BEL","Bélgica","2024-08-07",2,0,3,22
"HKG","Hong Kong, China","2024-08-07",2,0,2,23
"PHI","Filipinas","2024-08-07",2,0,2,23
"SRB","Sérvia","2024-08-07",2,0,0,24
"ISR","Israel","2024-08-07",1,4,1,25
"KAZ","Cazaquistão","2024-08-07",1,3,3,26
"JAM","Jamaica","2024-08-07",1,3,1,27
"SUI","Suíça","2024-08-07",1,2,4,28
"THA","Tailândia","2024-08-07",1,2,2,29
"GEO","Geórgia","2024-08-07",1,2,1,30
"DEN","Dinamarca","2024-08-07",1,2,0,31
"GRE","Grécia","2024-08-07",1,1,5,32
"POL","Polônia","2024-08-07",1,1,4,33
"KEN","Quênia","2024-08-07",1,1,3,34
"RSA","África do Sul","2024-08-07",1,1,2,35
"CHI","Chile","2024-08-07",1,1,0,36
"ECU","Equador","2024-08-07",1,1,0,36
"LCA","Santa Lúcia","2024-08-07",1,1,0,36
"UGA","Uganda","2024-08-07",1,1,0,36
"TPE","Chinese Taipei","2024-08-07",1,0,4,37
"IRI","Repúb. Islâmica Irã","2024-08-07",1,0,2,38
"UZB","Uzbequistão","2024-08-07",1,0,2,38
"CZE","Tchéquia","2024-08-07",1,0,1,39
"GUA","Guatemala","2024-08-07",1,0,1,39
"NOR","Noruega","2024-08-07",1,0,1,39
"ALG","Argélia","2024-08-07",1,0,0,40
"ARG","Argentina","2024-08-07",1,0,0,40
"BRN","Bahrein","2024-08-07",1,0,0,40
"DMA","Dominica","2024-08-07",1,0,0,40
"MAR","Marrocos","2024-08-07",1,0,0,40
"SLO","Eslovênia","2024-08-07",1,0,0,40
"PRK","RPD da Coréia","2024-08-07",0,2,3,41
"ARM","Armênia","2024-08-07",0,2,1,42
"MEX","México","2024-08-07",0,2,1,42
"ETH","Etiópia","2024-08-07",0,2,0,43
"KGZ","Quirguistão","2024-08-07",0,1,3,44
"TUR","Türkiye","2024-08-07",0,1,3,44
"LTU","Lituânia","2024-08-07",0,1,2,45
"KOS","Kosovo","2024-08-07",0,1,1,46
"TUN","Tunísia","2024-08-07",0,1,1,46
"COL","Colômbia","2024-08-07",0,1,0,47
"CYP","Chipre","2024-08-07",0,1,0,47
"FIJ","Fiji","2024-08-07",0,1,0,47
"MGL","Mongólia","2024-08-07",0,1,0,47
"IND","Índia","2024-08-07",0,0,3,48
"TJK","Tajiquistão","2024-08-07",0,0,3,48
"DOM","República Dominicana","2024-08-07",0,0,2,49
"MAS","Malásia","2024-08-07",0,0,2,49
"MDA","Moldova","2024-08-07",0,0,2,49
"AUT","Áustria","2024-08-07",0,0,1,50
"CPV","Cabo Verde","2024-08-07",0,0,1,50
"EGY","Egito","2024-08-07",0,0,1,50
"GRN","Granada","2024-08-07",0,0,1,50
"INA","Indonésia","2024-08-07",0,0,1,50
"PER","Peru","2024-08-07",0,0,1,50
"POR","Portugal","2024-08-07",0,0,1,50
"SVK","Eslováquia","2024-08-07",0,0,1,50
"ZAM","Zâmbia","2024-08-07",0,0,1,50
"USA","EUA","2024-08-06",24,31,31,1
"CHN","China","2024-08-06",22,21,16,2
"AUS","Austrália","2024-08-06",14,12,9,3
"FRA","França","2024-08-06",12,16,19,4
"GBR","Grã-Bretanha","2024-08-06",12,15,19,5
"KOR","República da Coréia","2024-08-06",11,8,7,6
"JPN","Japão","2024-08-06",11,6,12,7
"ITA","Itália","2024-08-06",9,10,7,8
"NED","Países Baixos","2024-08-06",8,5,6,9
"GER","Alemanha","2024-08-06",8,5,4,10
"CAN","Canadá","2024-08-06",6,4,8,11
"IRL","Irlanda","2024-08-06",4,0,3,12
"NZL","Nova Zelândia","2024-08-06",3,5,1,13
"HUN","Hungria","2024-08-06",3,3,2,14
"SWE","Suécia","2024-08-06",3,3,2,14
"ROU","Romênia","2024-08-06",3,3,1,15
"BRA","Brasil","2024-08-06",2,5,6,16
"UKR","Ucrânia","2024-08-06",2,2,3,17
"CRO","Croácia","2024-08-06",2,1,2,18
"BEL","Bélgica","2024-08-06",2,0,3,19
"HKG","Hong Kong, China","2024-08-06",2,0,2,20
"PHI","Filipinas","2024-08-06",2,0,1,21
"AZE","Azerbaijão","2024-08-06",2,0,0,22
"SRB","Sérvia","2024-08-06",2,0,0,22
"ISR","Israel","2024-08-06",1,4,1,23
"ESP","Espanha","2024-08-06",1,3,5,24
"SUI","Suíça","2024-08-06",1,2,4,25
"GEO","Geórgia","2024-08-06",1,2,1,26
"GRE","Grécia","2024-08-06",1,1,5,27
"KAZ","Cazaquistão","2024-08-06",1,1,3,28
"KEN","Quênia","2024-08-06",1,1,2,29
"RSA","África do Sul","2024-08-06",1,1,2,29
"CHI","Chile","2024-08-06",1,1,0,30
"DEN","Dinamarca","2024-08-06",1,1,0,30
"LCA","Santa Lúcia","2024-08-06",1,1,0,30
"UGA","Uganda","2024-08-06",1,1,0,30
"TPE","Chinese Taipei","2024-08-06",1,0,4,31
"UZB","Uzbequistão","2024-08-06",1,0,2,32
"CUB","Cuba","2024-08-06",1,0,1,33
"CZE","Tchéquia","2024-08-06",1,0,1,33
"GUA","Guatemala","2024-08-06",1,0,1,33
"ALG","Argélia","2024-08-06",1,0,0,34
"ARG","Argentina","2024-08-06",1,0,0,34
"BRN","Bahrein","2024-08-06",1,0,0,34
"DMA","Dominica","2024-08-06",1,0,0,34
"ECU","Equador","2024-08-06",1,0,0,34
"NOR","Noruega","2024-08-06",1,0,0,34
"SLO","Eslovênia","2024-08-06",1,0,0,34
"JAM","Jamaica","2024-08-06",0,3,1,35
"PRK","RPD da Coréia","2024-08-06",0,2,3,36
"MEX","México","2024-08-06",0,2,1,37
"ETH","Etiópia","2024-08-06",0,2,0,38
"POL","Polônia","2024-08-06",0,1,3,39
"TUR","Türkiye","2024-08-06",0,1,2,40
"KGZ","Quirguistão","2024-08-06",0,1,1,41
"KOS","Kosovo","2024-08-06",0,1,1,41
"THA","Tailândia","2024-08-06",0,1,1,41
"ARM","Armênia","2024-08-06",0,1,0,42
"COL","Colômbia","2024-08-06",0,1,0,42
"FIJ","Fiji","2024-08-06",0,1,0,42
"MGL","Mongólia","2024-08-06",0,1,0,42
"TUN","Tunísia","2024-08-06",0,1,0,42
"IND","Índia","2024-08-06",0,0,3,43
"TJK","Tajiquistão","2024-08-06",0,0,3,43
"DOM","República Dominicana","2024-08-06",0,0,2,44
"LTU","Lituânia","2024-08-06",0,0,2,44
"MAS","Malásia","2024-08-06",0,0,2,44
"MDA","Moldova","2024-08-06",0,0,2,44
"AUT","Áustria","2024-08-06",0,0,1,45
"CPV","Cabo Verde","2024-08-06",0,0,1,45
"EGY","Egito","2024-08-06",0,0,1,45
"GRN","Granada","2024-08-06",0,0,1,45
"INA","Indonésia","2024-08-06",0,0,1,45
"IRI","Repúb. Islâmica Irã","2024-08-06",0,0,1,45
"POR","Portugal","2024-08-06",0,0,1,45
"SVK","Eslováquia","2024-08-06",0,0,1,45
"USA","EUA","2024-08-05",21,30,28,1
"CHN","China","2024-08-05",21,18,14,2
"AUS","Austrália","2024-08-05",13,12,8,3
"FRA","França","2024-08-05",12,16,19,4
"GBR","Grã-Bretanha","2024-08-05",12,13,17,5
"KOR","República da Coréia","2024-08-05",11,8,7,6
"JPN","Japão","2024-08-05",10,5,11,7
"ITA","Itália","2024-08-05",9,10,6,8
"NED","Países Baixos","2024-08-05",7,5,5,9
"GER","Alemanha","2024-08-05",7,5,4,10
"CAN","Canadá","2024-08-05",5,4,8,11
"NZL","Nova Zelândia","2024-08-05",3,5,1,12
"HUN","Hungria","2024-08-05",3,3,2,13
"SWE","Suécia","2024-08-05",3,3,2,13
"ROU","Romênia","2024-08-05",3,3,1,14
"IRL","Irlanda","2024-08-05",3,0,3,15
"BRA","Brasil","2024-08-05",2,5,6,16
"UKR","Ucrânia","2024-08-05",2,2,3,17
"CRO","Croácia","2024-08-05",2,1,2,18
"BEL","Bélgica","2024-08-05",2,0,3,19
"HKG","Hong Kong, China","2024-08-05",2,0,2,20
"AZE","Azerbaijão","2024-08-05",2,0,0,21
"PHI","Filipinas","2024-08-05",2,0,0,21
"SRB","Sérvia","2024-08-05",2,0,0,21
"ISR","Israel","2024-08-05",1,4,1,22
"ESP","Espanha","2024-08-05",1,3,5,23
"GEO","Geórgia","2024-08-05",1,2,1,24
"SUI","Suíça","2024-08-05",1,1,4,25
"KAZ","Cazaquistão","2024-08-05",1,1,2,26
"RSA","África do Sul","2024-08-05",1,1,2,26
"KEN","Quênia","2024-08-05",1,1,1,27
"DEN","Dinamarca","2024-08-05",1,1,0,28
"TPE","Chinese Taipei","2024-08-05",1,0,3,29
"UZB","Uzbequistão","2024-08-05",1,0,2,30
"CZE","Tchéquia","2024-08-05",1,0,1,31
"GUA","Guatemala","2024-08-05",1,0,1,31
"ALG","Argélia","2024-08-05",1,0,0,32
"ARG","Argentina","2024-08-05",1,0,0,32
"CHI","Chile","2024-08-05",1,0,0,32
"DMA","Dominica","2024-08-05",1,0,0,32
"ECU","Equador","2024-08-05",1,0,0,32
"LCA","Santa Lúcia","2024-08-05",1,0,0,32
"NOR","Noruega","2024-08-05",1,0,0,32
"SLO","Eslovênia","2024-08-05",1,0,0,32
"UGA","Uganda","2024-08-05",1,0,0,32
"JAM","Jamaica","2024-08-05",0,2,1,33
"MEX","México","2024-08-05",0,2,1,33
"PRK","RPD da Coréia","2024-08-05",0,2,1,33
"ETH","Etiópia","2024-08-05",0,2,0,34
"GRE","Grécia","2024-08-05",0,1,5,35
"POL","Polônia","2024-08-05",0,1,3,36
"KOS","Kosovo","2024-08-05",0,1,1,37
"TUR","Türkiye","2024-08-05",0,1,1,37
"ARM","Armênia","2024-08-05",0,1,0,38
"COL","Colômbia","2024-08-05",0,1,0,38
"FIJ","Fiji","2024-08-05",0,1,0,38
"MGL","Mongólia","2024-08-05",0,1,0,38
"THA","Tailândia","2024-08-05",0,1,0,38
"TUN","Tunísia","2024-08-05",0,1,0,38
"IND","Índia","2024-08-05",0,0,3,39
"TJK","Tajiquistão","2024-08-05",0,0,3,39
"DOM","República Dominicana","2024-08-05",0,0,2,40
"LTU","Lituânia","2024-08-05",0,0,2,40
"MAS","Malásia","2024-08-05",0,0,2,40
"MDA","Moldova","2024-08-05",0,0,2,40
"AUT","Áustria","2024-08-05",0,0,1,41
"CPV","Cabo Verde","2024-08-05",0,0,1,41
"CUB","Cuba","2024-08-05",0,0,1,41
"EGY","Egito","2024-08-05",0,0,1,41
"GRN","Granada","2024-08-05",0,0,1,41
"INA","Indonésia","2024-08-05",0,0,1,41
"POR","Portugal","2024-08-05",0,0,1,41
"SVK","Eslováquia","2024-08-05",0,0,1,41
"USA","EUA","2024-08-04",19,26,26,1
"CHN","China","2024-08-04",19,15,11,2
"AUS","Austrália","2024-08-04",12,11,8,3
"FRA","França","2024-08-04",11,14,18,4
"GBR","Grã-Bretanha","2024-08-04",10,12,15,5
"KOR","República da Coréia","2024-08-04",10,7,7,6
"JPN","Japão","2024-08-04",9,5,10,7
"ITA","Itália","2024-08-04",7,10,5,8
"NED","Países Baixos","2024-08-04",6,5,4,9
"GER","Alemanha","2024-08-04",5,5,2,10
"CAN","Canadá","2024-08-04",5,4,8,11
"HUN","Hungria","2024-08-04",3,3,2,12
"ROU","Romênia","2024-08-04",3,3,1,13
"IRL","Irlanda","2024-08-04",3,0,3,14
"NZL","Nova Zelândia","2024-08-04",2,4,1,15
"SWE","Suécia","2024-08-04",2,3,2,16
"UKR","Ucrânia","2024-08-04",2,1,3,17
"CRO","Croácia","2024-08-04",2,1,1,18
"BEL","Bélgica","2024-08-04",2,0,3,19
"HKG","Hong Kong, China","2024-08-04",2,0,2,20
"AZE","Azerbaijão","2024-08-04",2,0,0,21
"PHI","Filipinas","2024-08-04",2,0,0,21
"SRB","Sérvia","2024-08-04",2,0,0,21
"BRA","Brasil","2024-08-04",1,4,5,22
"ISR","Israel","2024-08-04",1,4,1,23
"ESP","Espanha","2024-08-04",1,2,5,24
"GEO","Geórgia","2024-08-04",1,2,1,25
"SUI","Suíça","2024-08-04",1,1,4,26
"KAZ","Cazaquistão","2024-08-04",1,1,2,27
"RSA","África do Sul","2024-08-04",1,1,2,27
"TPE","Chinese Taipei","2024-08-04",1,0,2,28
"UZB","Uzbequistão","2024-08-04",1,0,2,28
"CZE","Tchéquia","2024-08-04",1,0,1,29
"GUA","Guatemala","2024-08-04",1,0,1,29
"ALG","Argélia","2024-08-04",1,0,0,30
"ARG","Argentina","2024-08-04",1,0,0,30
"CHI","Chile","2024-08-04",1,0,0,30
"DMA","Dominica","2024-08-04",1,0,0,30
"ECU","Equador","2024-08-04",1,0,0,30
"LCA","Santa Lúcia","2024-08-04",1,0,0,30
"NOR","Noruega","2024-08-04",1,0,0,30
"SLO","Eslovênia","2024-08-04",1,0,0,30
"UGA","Uganda","2024-08-04",1,0,0,30
"JAM","Jamaica","2024-08-04",0,2,1,31
"MEX","México","2024-08-04",0,2,1,31
"PRK","RPD da Coréia","2024-08-04",0,2,1,31
"GRE","Grécia","2024-08-04",0,1,4,32
"POL","Polônia","2024-08-04",0,1,3,33
"KOS","Kosovo","2024-08-04",0,1,1,34
"TUR","Türkiye","2024-08-04",0,1,1,34
"ARM","Armênia","2024-08-04",0,1,0,35
"DEN","Dinamarca","2024-08-04",0,1,0,35
"ETH","Etiópia","2024-08-04",0,1,0,35
"FIJ","Fiji","2024-08-04",0,1,0,35
"MGL","Mongólia","2024-08-04",0,1,0,35
"TUN","Tunísia","2024-08-04",0,1,0,35
"IND","Índia","2024-08-04",0,0,3,36
"TJK","Tajiquistão","2024-08-04",0,0,3,36
"DOM","República Dominicana","2024-08-04",0,0,2,37
"MDA","Moldova","2024-08-04",0,0,2,37
"AUT","Áustria","2024-08-04",0,0,1,38
"CPV","Cabo Verde","2024-08-04",0,0,1,38
"CUB","Cuba","2024-08-04",0,0,1,38
"EGY","Egito","2024-08-04",0,0,1,38
"GRN","Granada","2024-08-04",0,0,1,38
"LTU","Lituânia","2024-08-04",0,0,1,38
"MAS","Malásia","2024-08-04",0,0,1,38
"POR","Portugal","2024-08-04",0,0,1,38
"SVK","Eslováquia","2024-08-04",0,0,1,38
"CHN","China","2024-08-03",16,12,9,1
"USA","EUA","2024-08-03",14,24,23,2
"AUS","Austrália","2024-08-03",12,8,7,3
"FRA","França","2024-08-03",11,14,15,4
"GBR","Grã-Bretanha","2024-08-03",10,10,13,5
"KOR","República da Coréia","2024-08-03",9,7,5,6
"JPN","Japão","2024-08-03",8,5,9,7
"ITA","Itália","2024-08-03",6,8,5,8
"NED","Países Baixos","2024-08-03",6,4,4,9
"CAN","Canadá","2024-08-03",4,4,7,10
"GER","Alemanha","2024-08-03",4,4,2,11
"ROU","Romênia","2024-08-03",3,3,1,12
"HUN","Hungria","2024-08-03",3,2,2,13
"IRL","Irlanda","2024-08-03",3,0,2,14
"NZL","Nova Zelândia","2024-08-03",2,4,1,15
"CRO","Croácia","2024-08-03",2,1,1,16
"BEL","Bélgica","2024-08-03",2,0,2,17
"HKG","Hong Kong, China","2024-08-03",2,0,2,17
"AZE","Azerbaijão","2024-08-03",2,0,0,18
"BRA","Brasil","2024-08-03",1,4,5,19
"ISR","Israel","2024-08-03",1,4,1,20
"SWE","Suécia","2024-08-03",1,2,2,21
"GEO","Geórgia","2024-08-03",1,2,0,22
"SUI","Suíça","2024-08-03",1,1,4,23
"ESP","Espanha","2024-08-03",1,1,3,24
"KAZ","Cazaquistão","2024-08-03",1,1,2,25
"RSA","África do Sul","2024-08-03",1,1,2,25
"UKR","Ucrânia","2024-08-03",1,1,1,26
"UZB","Uzbequistão","2024-08-03",1,0,2,27
"CZE","Tchéquia","2024-08-03",1,0,1,28
"GUA","Guatemala","2024-08-03",1,0,1,28
"ARG","Argentina","2024-08-03",1,0,0,29
"DMA","Dominica","2024-08-03",1,0,0,29
"ECU","Equador","2024-08-03",1,0,0,29
"LCA","Santa Lúcia","2024-08-03",1,0,0,29
"NOR","Noruega","2024-08-03",1,0,0,29
"PHI","Filipinas","2024-08-03",1,0,0,29
"SLO","Eslovênia","2024-08-03",1,0,0,29
"SRB","Sérvia","2024-08-03",1,0,0,29
"UGA","Uganda","2024-08-03",1,0,0,29
"MEX","México","2024-08-03",0,2,1,30
"PRK","RPD da Coréia","2024-08-03",0,2,0,31
"GRE","Grécia","2024-08-03",0,1,3,32
"POL","Polônia","2024-08-03",0,1,3,32
"JAM","Jamaica","2024-08-03",0,1,1,33
"KOS","Kosovo","2024-08-03",0,1,1,33
"TUR","Türkiye","2024-08-03",0,1,1,33
"DEN","Dinamarca","2024-08-03",0,1,0,34
"ETH","Etiópia","2024-08-03",0,1,0,34
"FIJ","Fiji","2024-08-03",0,1,0,34
"MGL","Mongólia","2024-08-03",0,1,0,34
"TUN","Tunísia","2024-08-03",0,1,0,34
"IND","Índia","2024-08-03",0,0,3,35
"MDA","Moldova","2024-08-03",0,0,2,36
"TJK","Tajiquistão","2024-08-03",0,0,2,36
"TPE","Chinese Taipei","2024-08-03",0,0,2,36
"AUT","Áustria","2024-08-03",0,0,1,37
"EGY","Egito","2024-08-03",0,0,1,37
"GRN","Granada","2024-08-03",0,0,1,37
"LTU","Lituânia","2024-08-03",0,0,1,37
"POR","Portugal","2024-08-03",0,0,1,37
"SVK","Eslováquia","2024-08-03",0,0,1,37
"CHN","China","2024-08-02",13,9,9,1
"AUS","Austrália","2024-08-02",11,6,5,2
"FRA","França","2024-08-02",10,12,13,3
"USA","EUA","2024-08-02",9,18,16,4
"GBR","Grã-Bretanha","2024-08-02",9,10,8,5
"JPN","Japão","2024-08-02",8,4,6,6
"KOR","República da Coréia","2024-08-02",7,5,4,7
"ITA","Itália","2024-08-02",5,8,4,8
"NED","Países Baixos","2024-08-02",4,3,2,9
"CAN","Canadá","2024-08-02",3,2,6,10
"GER","Alemanha","2024-08-02",2,4,2,11
"NZL","Nova Zelândia","2024-08-02",2,3,1,12
"ROU","Romênia","2024-08-02",2,3,1,12
"HUN","Hungria","2024-08-02",2,2,1,13
"HKG","Hong Kong, China","2024-08-02",2,0,2,14
"IRL","Irlanda","2024-08-02",2,0,2,14
"CRO","Croácia","2024-08-02",2,0,1,15
"AZE","Azerbaijão","2024-08-02",2,0,0,16
"BRA","Brasil","2024-08-02",1,3,3,17
"SWE","Suécia","2024-08-02",1,2,2,18
"GEO","Geórgia","2024-08-02",1,2,0,19
"SUI","Suíça","2024-08-02",1,1,4,20
"ESP","Espanha","2024-08-02",1,1,3,21
"RSA","África do Sul","2024-08-02",1,1,2,22
"BEL","Bélgica","2024-08-02",1,0,2,23
"KAZ","Cazaquistão","2024-08-02",1,0,2,23
"UZB","Uzbequistão","2024-08-02",1,0,2,23
"CZE","Tchéquia","2024-08-02",1,0,1,24
"GUA","Guatemala","2024-08-02",1,0,1,24
"ARG","Argentina","2024-08-02",1,0,0,25
"ECU","Equador","2024-08-02",1,0,0,25
"NOR","Noruega","2024-08-02",1,0,0,25
"SLO","Eslovênia","2024-08-02",1,0,0,25
"SRB","Sérvia","2024-08-02",1,0,0,25
"UGA","Uganda","2024-08-02",1,0,0,25
"ISR","Israel","2024-08-02",0,2,1,26
"MEX","México","2024-08-02",0,2,1,26
"PRK","RPD da Coréia","2024-08-02",0,2,0,27
"GRE","Grécia","2024-08-02",0,1,3,28
"POL","Polônia","2024-08-02",0,1,3,28
"KOS","Kosovo","2024-08-02",0,1,1,29
"TUR","Türkiye","2024-08-02",0,1,1,29
"UKR","Ucrânia","2024-08-02",0,1,1,29
"ETH","Etiópia","2024-08-02",0,1,0,30
"FIJ","Fiji","2024-08-02",0,1,0,30
"MGL","Mongólia","2024-08-02",0,1,0,30
"TUN","Tunísia","2024-08-02",0,1,0,30
"IND","Índia","2024-08-02",0,0,3,31
"MDA","Moldova","2024-08-02",0,0,2,32
"TJK","Tajiquistão","2024-08-02",0,0,2,32
"AUT","Áustria","2024-08-02",0,0,1,33
"EGY","Egito","2024-08-02",0,0,1,33
"GRN","Granada","2024-08-02",0,0,1,33
"POR","Portugal","2024-08-02",0,0,1,33
"SVK","Eslováquia","2024-08-02",0,0,1,33
"CHN","China","2024-08-01",11,7,6,1
"USA","EUA","2024-08-01",9,15,13,2
"AUS","Austrália","2024-08-01",8,6,4,3
"JPN","Japão","2024-08-01",8,3,5,4
"FRA","França","2024-08-01",7,11,8,5
"GBR","Grã-Bretanha","2024-08-01",6,7,7,6
"KOR","República da Coréia","2024-08-01",6,3,3,7
"ITA","Itália","2024-08-01",5,7,4,8
"CAN","Canadá","2024-08-01",3,2,3,9
"GER","Alemanha","2024-08-01",2,2,2,10
"NED","Países Baixos","2024-08-01",2,2,2,10
"NZL","Nova Zelândia","2024-08-01",2,2,1,11
"ROU","Romênia","2024-08-01",2,1,1,12
"HKG","Hong Kong, China","2024-08-01",2,0,2,13
"AZE","Azerbaijão","2024-08-01",2,0,0,14
"HUN","Hungria","2024-08-01",1,2,1,15
"GEO","Geórgia","2024-08-01",1,2,0,16
"RSA","África do Sul","2024-08-01",1,1,2,17
"SWE","Suécia","2024-08-01",1,1,2,17
"BEL","Bélgica","2024-08-01",1,0,2,18
"IRL","Irlanda","2024-08-01",1,0,2,18
"KAZ","Cazaquistão","2024-08-01",1,0,2,18
"CRO","Croácia","2024-08-01",1,0,1,19
"GUA","Guatemala","2024-08-01",1,0,1,19
"UZB","Uzbequistão","2024-08-01",1,0,1,19
"ARG","Argentina","2024-08-01",1,0,0,20
"ECU","Equador","2024-08-01",1,0,0,20
"SLO","Eslovênia","2024-08-01",1,0,0,20
"SRB","Sérvia","2024-08-01",1,0,0,20
"BRA","Brasil","2024-08-01",0,3,3,21
"PRK","RPD da Coréia","2024-08-01",0,2,0,22
"ESP","Espanha","2024-08-01",0,1,3,23
"POL","Polônia","2024-08-01",0,1,2,24
"SUI","Suíça","2024-08-01",0,1,2,24
"GRE","Grécia","2024-08-01",0,1,1,25
"ISR","Israel","2024-08-01",0,1,1,25
"KOS","Kosovo","2024-08-01",0,1,1,25
"MEX","México","2024-08-01",0,1,1,25
"TUR","Türkiye","2024-08-01",0,1,1,25
"UKR","Ucrânia","2024-08-01",0,1,1,25
"FIJ","Fiji","2024-08-01",0,1,0,26
"MGL","Mongólia","2024-08-01",0,1,0,26
"TUN","Tunísia","2024-08-01",0,1,0,26
"IND","Índia","2024-08-01",0,0,3,27
"MDA","Moldova","2024-08-01",0,0,2,28
"AUT","Áustria","2024-08-01",0,0,1,29
"EGY","Egito","2024-08-01",0,0,1,29
"POR","Portugal","2024-08-01",0,0,1,29
"SVK","Eslováquia","2024-08-01",0,0,1,29
"TJK","Tajiquistão","2024-08-01",0,0,1,29
"CHN","China","2024-07-31",9,7,3,1
"JPN","Japão","2024-07-31",8,3,4,2
"FRA","França","2024-07-31",7,10,8,3
"AUS","Austrália","2024-07-31",7,6,3,4
"GBR","Grã-Bretanha","2024-07-31",6,6,5,5
"KOR","República da Coréia","2024-07-31",6,3,3,6
"USA","EUA","2024-07-31",5,13,12,7
"ITA","Itália","2024-07-31",3,6,4,8
"CAN","Canadá","2024-07-31",2,2,3,9
"GER","Alemanha","2024-07-31",2,2,2,10
"HKG","Hong Kong, China","2024-07-31",2,0,2,11
"SWE","Suécia","2024-07-31",1,1,2,12
"NED","Países Baixos","2024-07-31",1,1,1,13
"GEO","Geórgia","2024-07-31",1,1,0,14
"NZL","Nova Zelândia","2024-07-31",1,1,0,14
"BEL","Bélgica","2024-07-31",1,0,2,15
"KAZ","Cazaquistão","2024-07-31",1,0,2,15
"RSA","África do Sul","2024-07-31",1,0,2,15
"CRO","Croácia","2024-07-31",1,0,1,16
"GUA","Guatemala","2024-07-31",1,0,1,16
"IRL","Irlanda","2024-07-31",1,0,1,16
"ROU","Romênia","2024-07-31",1,0,1,16
"ARG","Argentina","2024-07-31",1,0,0,17
"AZE","Azerbaijão","2024-07-31",1,0,0,17
"SLO","Eslovênia","2024-07-31",1,0,0,17
"SRB","Sérvia","2024-07-31",1,0,0,17
"UZB","Uzbequistão","2024-07-31",1,0,0,17
"HUN","Hungria","2024-07-31",0,2,1,18
"PRK","RPD da Coréia","2024-07-31",0,2,0,19
"BRA","Brasil","2024-07-31",0,1,3,20
"POL","Polônia","2024-07-31",0,1,2,21
"KOS","Kosovo","2024-07-31",0,1,1,22
"MEX","México","2024-07-31",0,1,1,22
"SUI","Suíça","2024-07-31",0,1,1,22
"TUR","Türkiye","2024-07-31",0,1,1,22
"FIJ","Fiji","2024-07-31",0,1,0,23
"MGL","Mongólia","2024-07-31",0,1,0,23
"TUN","Tunísia","2024-07-31",0,1,0,23
"IND","Índia","2024-07-31",0,0,2,24
"MDA","Moldova","2024-07-31",0,0,2,24
"AUT","Áustria","2024-07-31",0,0,1,25
"EGY","Egito","2024-07-31",0,0,1,25
"ESP","Espanha","2024-07-31",0,0,1,25
"GRE","Grécia","2024-07-31",0,0,1,25
"SVK","Eslováquia","2024-07-31",0,0,1,25
"TJK","Tajiquistão","2024-07-31",0,0,1,25
"UKR","Ucrânia","2024-07-31",0,0,1,25
"JPN","Japão","2024-07-30",7,2,4,1
"CHN","China","2024-07-30",6,6,2,2
"AUS","Austrália","2024-07-30",6,4,1,3
"FRA","França","2024-07-30",5,9,4,4
"KOR","República da Coréia","2024-07-30",5,3,3,5
"USA","EUA","2024-07-30",4,11,11,6
"GBR","Grã-Bretanha","2024-07-30",4,5,3,7
"ITA","Itália","2024-07-30",3,4,4,8
"CAN","Canadá","2024-07-30",2,2,2,9
"HKG","Hong Kong, China","2024-07-30",2,0,1,10
"GER","Alemanha","2024-07-30",2,0,0,11
"KAZ","Cazaquistão","2024-07-30",1,0,2,12
"RSA","África do Sul","2024-07-30",1,0,2,12
"BEL","Bélgica","2024-07-30",1,0,1,13
"IRL","Irlanda","2024-07-30",1,0,1,13
"AZE","Azerbaijão","2024-07-30",1,0,0,14
"NZL","Nova Zelândia","2024-07-30",1,0,0,14
"ROU","Romênia","2024-07-30",1,0,0,14
"SLO","Eslovênia","2024-07-30",1,0,0,14
"SRB","Sérvia","2024-07-30",1,0,0,14
"UZB","Uzbequistão","2024-07-30",1,0,0,14
"BRA","Brasil","2024-07-30",0,1,3,15
"SWE","Suécia","2024-07-30",0,1,2,16
"KOS","Kosovo","2024-07-30",0,1,1,17
"MEX","México","2024-07-30",0,1,1,17
"POL","Polônia","2024-07-30",0,1,1,17
"TUR","Türkiye","2024-07-30",0,1,1,17
"FIJ","Fiji","2024-07-30",0,1,0,18
"GEO","Geórgia","2024-07-30",0,1,0,18
"MGL","Mongólia","2024-07-30",0,1,0,18
"PRK","RPD da Coréia","2024-07-30",0,1,0,18
"TUN","Tunísia","2024-07-30",0,1,0,18
"IND","Índia","2024-07-30",0,0,2,19
"MDA","Moldova","2024-07-30",0,0,2,19
"CRO","Croácia","2024-07-30",0,0,1,20
"EGY","Egito","2024-07-30",0,0,1,20
"ESP","Espanha","2024-07-30",0,0,1,20
"GUA","Guatemala","2024-07-30",0,0,1,20
"HUN","Hungria","2024-07-30",0,0,1,20
"SUI","Suíça","2024-07-30",0,0,1,20
"SVK","Eslováquia","2024-07-30",0,0,1,20
"TJK","Tajiquistão","2024-07-30",0,0,1,20
"UKR","Ucrânia","2024-07-30",0,0,1,20
"JPN","Japão","2024-07-29",6,2,4,1
"FRA","França","2024-07-29",5,8,3,2
"CHN","China","2024-07-29",5,5,2,3
"AUS","Austrália","2024-07-29",5,4,0,4
"KOR","República da Coréia","2024-07-29",5,3,1,5
"USA","EUA","2024-07-29",3,8,9,6
"GBR","Grã-Bretanha","2024-07-29",2,5,3,7
"ITA","Itália","2024-07-29",2,3,3,8
"CAN","Canadá","2024-07-29",2,1,2,9
"HKG","Hong Kong, China","2024-07-29",2,0,1,10
"GER","Alemanha","2024-07-29",2,0,0,11
"KAZ","Cazaquistão","2024-07-29",1,0,2,12
"RSA","África do Sul","2024-07-29",1,0,2,12
"BEL","Bélgica","2024-07-29",1,0,1,13
"AZE","Azerbaijão","2024-07-29",1,0,0,14
"ROU","Romênia","2024-07-29",1,0,0,14
"UZB","Uzbequistão","2024-07-29",1,0,0,14
"BRA","Brasil","2024-07-29",0,1,2,15
"SWE","Suécia","2024-07-29",0,1,2,15
"FIJ","Fiji","2024-07-29",0,1,0,16
"KOS","Kosovo","2024-07-29",0,1,0,16
"MGL","Mongólia","2024-07-29",0,1,0,16
"POL","Polônia","2024-07-29",0,1,0,16
"TUN","Tunísia","2024-07-29",0,1,0,16
"MDA","Moldova","2024-07-29",0,0,2,17
"CRO","Croácia","2024-07-29",0,0,1,18
"EGY","Egito","2024-07-29",0,0,1,18
"ESP","Espanha","2024-07-29",0,0,1,18
"HUN","Hungria","2024-07-29",0,0,1,18
"IND","Índia","2024-07-29",0,0,1,18
"IRL","Irlanda","2024-07-29",0,0,1,18
"MEX","México","2024-07-29",0,0,1,18
"SUI","Suíça","2024-07-29",0,0,1,18
"SVK","Eslováquia","2024-07-29",0,0,1,18
"TUR","Türkiye","2024-07-29",0,0,1,18
"UKR","Ucrânia","2024-07-29",0,0,1,18
"JPN","Japão","2024-07-28",4,2,1,1
"AUS","Austrália","2024-07-28",4,2,0,2
"USA","EUA","2024-07-28",3,6,3,3
"FRA","França","2024-07-28",3,3,2,4
"KOR","República da Coréia","2024-07-28",3,2,1,5
"CHN","China","2024-07-28",3,1,2,6
"ITA","Itália","2024-07-28",1,2,3,7
"KAZ","Cazaquistão","2024-07-28",1,0,2,8
"BEL","Bélgica","2024-07-28",1,0,1,9
"GER","Alemanha","2024-07-28",1,0,0,10
"HKG","Hong Kong, China","2024-07-28",1,0,0,10
"UZB","Uzbequistão","2024-07-28",1,0,0,10
"GBR","Grã-Bretanha","2024-07-28",0,2,2,11
"BRA","Brasil","2024-07-28",0,1,2,12
"CAN","Canadá","2024-07-28",0,1,1,13
"FIJ","Fiji","2024-07-28",0,1,0,14
"KOS","Kosovo","2024-07-28",0,1,0,14
"MGL","Mongólia","2024-07-28",0,1,0,14
"POL","Polônia","2024-07-28",0,1,0,14
"TUN","Tunísia","2024-07-28",0,1,0,14
"SWE","Suécia","2024-07-28",0,0,2,15
"EGY","Egito","2024-07-28",0,0,1,16
"ESP","Espanha","2024-07-28",0,0,1,16
"HUN","Hungria","2024-07-28",0,0,1,16
"IND","Índia","2024-07-28",0,0,1,16
"MDA","Moldova","2024-07-28",0,0,1,16
"MEX","México","2024-07-28",0,0,1,16
"RSA","África do Sul","2024-07-28",0,0,1,16
"AUS","Austrália","2024-07-27",3,2,0,1
"CHN","China","2024-07-27",2,0,1,2
"USA","EUA","2024-07-27",1,2,2,3
"FRA","França","2024-07-27",1,2,1,4
"KOR","República da Coréia","2024-07-27",1,1,1,5
"BEL","Bélgica","2024-07-27",1,0,1,6
"JPN","Japão","2024-07-27",1,0,1,6
"KAZ","Cazaquistão","2024-07-27",1,0,1,6
"GER","Alemanha","2024-07-27",1,0,0,7
"HKG","Hong Kong, China","2024-07-27",1,0,0,7
"ITA","Itália","2024-07-27",0,1,2,8
"GBR","Grã-Bretanha","2024-07-27",0,1,1,9
"CAN","Canadá","2024-07-27",0,1,0,10
"FIJ","Fiji","2024-07-27",0,1,0,10
"MGL","Mongólia","2024-07-27",0,1,0,10
"TUN","Tunísia","2024-07-27",0,1,0,10
"ESP","Espanha","2024-07-27",0,0,1,11
"HUN","Hungria","2024-07-27",0,0,1,11
"RSA","África do Sul","2024-07-27",0,0,1,11
"SWE","Suécia","2024-07-27",0,0,1,11
